Elevation,Q
781.202,12300
781.6322632,16100
781.7484,17200
781.3100963,13000
783.419285,44300
781.3003684,13000
781.0741905,10650
780.8754,8320
